number;book
95450;72656
95450;72784
95450;72784
95450;74372
95450;74372
95450;232241
95450;232241
95450;232241
95450;72656
95450;72656
95450;268454
95450;268454
95450;268454
95450;268454
95450;269129
95450;269129
105422;74510
105422;144170
105422;168418
90169;73664
90169;73680
90169;73888
90169;73888
90169;74002
90169;74176
90169;74388
90169;73639
90169;73489
90169;73489
90169;266255
90169;268454
90169;268454
90169;178906
94681;73088
94681;73088
94681;73095
94681;73095
113606;72703
113606;72703
113606;72703
113606;72703
113606;194823
113606;194823
113606;194823
113606;194823
105364;73525
105364;72696
105364;73525
46988;73505
93420;176266
93420;176266
93420;176266
93420;176266
93420;266028
93420;154046
93420;154046
28414;213115
67012;196080
58470;72748
58470;72684
58470;72684
58470;176142
58470;176142
58470;100617
58470;144117
58470;144117
58470;268044
58470;268044
58470;268386
58470;268386
54880;154046
30024;72857
30024;72857
30024;72857
30024;144111
30024;144111
30024;194268
30024;194268
30024;194268
30024;194268
54993;144382
54993;144382
54993;144382
54993;144382
54993;268403
54993;268403
54993;268403
54993;268403
61683;266830
51698;73930
51698;175551
85181;74403
85181;74403
85181;74403
85181;74403
94012;195533
94012;254319
94012;254319
94012;265934
94012;250563
94012;250563
84279;72690
84279;72690
84279;144117
84279;233050
90420;154046
90420;154046
90420;72696
90420;72696
78423;72708
78423;167176
78423;144117
78423;144117
78729;73310
78729;195533
78729;213115
78729;250563
51643;74380
51643;277669
61327;72877
92203;73310
92203;263829
92203;268162
92203;272907
68610;73955
37086;172876
42809;72649
42809;72649
54497;73191
70470;74206
56103;72676
56103;72676
56103;72676
56103;72676
56103;72676
56103;72676
56103;72676
56103;72676
56103;72676
56103;73888
56103;73888
56103;101995
56103;116111
56103;213115
56103;213115
56103;213115
56103;213115
56103;213115
46943;232647
76118;74120
76118;74120
76118;74120
76118;144523
76118;144523
76118;144523
42873;74065
42873;74065
42873;175482
42873;175482
42873;175482
42873;175482
42873;268015
42873;268015
42873;268015
42873;268015
82649;72784
82649;72784
82649;73241
82649;74456
82649;74456
82649;234392
82649;272907
82649;272907
73751;172995
42719;173077
42719;173077
42719;155538
42719;155538
95516;268171
95516;268171
74810;72784
74810;74075
61304;72705
61304;72705
61304;72705
61304;172999
61304;172999
61304;172999
61304;172999
61304;172999
61304;172999
61304;175289
61304;155538
61304;195533
61304;208082
61304;208082
61304;208082
61304;241295
61304;241295
61304;241295
61304;241295
61304;241295
61304;241295
61304;241295
61304;241295
61304;241295
61304;241295
61840;73034
61840;73034
61840;73034
61840;73034
61840;73034
61840;73964
61840;115061
61840;74405
61840;74405
61840;144117
61840;144117
61840;144117
61840;144117
61840;144117
61329;72795
61329;72795
61329;122143
61329;194819
61329;194819
61329;195533
61329;233050
61329;233050
61329;241295
46171;74403
108642;74222
108642;74222
85270;72991
85270;144117
85270;232241
85270;265794
90411;72675
90411;72679
90411;73118
90411;73118
90411;73480
90411;59176
90411;59176
90411;74127
90411;74405
90411;168413
90411;168413
90411;168413
90411;168413
90411;168413
90411;147966
89611;232647
89611;232647
89611;266255
89611;266255
61634;72684
84473;180968
84473;233607
84473;244356
106119;268162
99399;73194
84218;175490
90416;73637
90416;73637
90416;73637
90416;73819
90416;74405
90416;74405
90416;141785
90416;141785
90416;141785
90416;141785
90416;220082
90416;220082
66810;172999
66810;172999
82746;72681
82746;266830
82746;266830
65526;73191
65526;73637
65526;74205
92008;72681
92008;72681
92008;72784
92008;73194
92008;73241
92008;73242
92008;172999
92008;205179
92008;233480
92008;233480
92008;233480
92008;233480
92008;72724
92008;72724
92008;268162
68569;232647
68569;232647
94015;72784
59296;74077
59296;74077
39612;72676
39612;73582
39612;74393
39612;74393
39612;74393
39612;72696
39612;72696
73777;159180
71817;73267
46437;73706
61632;72779
61632;72779
61632;73514
61632;73672
61632;72684
92005;72704
92005;72704
92005;72795
92005;74599
92005;191631
61325;116111
61325;144117
61325;144117
61325;144117
61325;144117
61325;144117
94616;72656
94616;144111
94616;144111
94616;74405
94616;176142
94616;72724
94616;268044
83760;73118
83760;210125
68310;72793
68310;73913
68310;73913
68310;173092
75238;73677
51693;72684
51693;72684
51693;72684
51693;194268
51693;194268
51693;194268
48891;72684
48891;72684
48891;72684
48891;72763
48891;72763
68291;73118
68291;73880
68291;73880
70199;73087
70199;73637
70199;173092
70199;265794
70199;265794
70199;265794
70199;272907
70199;272907
68893;73534
68893;73534
68893;73534
68893;73688
68893;73688
68893;73688
39258;194268
51540;73241
51540;73241
51540;73241
51540;73241
51540;169296
51540;169296
51540;169296
51540;169296
51540;194412
51540;194412
51540;194412
51540;232241
51540;232241
102632;72679
103653;74053
51489;73803
73258;73639
73258;73827
73258;74509
73258;144171
73258;172991
73258;72724
97983;73191
97983;73639
97983;73639
97983;172888
70892;72681
70892;72681
70892;72681
70892;73638
87913;159106
109628;73190
109628;73190
103617;141785
85269;277669
59045;213115
59045;213115
92247;73141
92247;73141
92247;261540
92247;261540
92247;268340
97824;73088
97824;73939
97824;73939
79804;73088
95695;266086
95695;266086
95695;266086
95695;266086
95695;266086
95695;267782
95695;267782
95695;267782
95695;267782
95695;267782
48739;73713
48739;173077
48739;173092
48739;265794
91088;72747
91088;72747
91088;72747
91088;109170
91088;144308
91088;172995
91088;172995
91088;182791
91088;182791
91088;266830
91088;268255
91088;268255
91088;268255
105360;172999
105360;172999
105360;250563
105360;250563
105360;250563
59396;176142
75161;72784
87908;72885
87908;72885
87908;72885
87908;73372
87908;73659
87908;73659
87908;73659
87908;73924
87908;72656
87908;72656
87908;72656
87908;72699
87908;72699
87908;234395
87908;234395
87908;234467
95960;173084
95960;173092
95960;173092
95960;176142
95960;176142
95960;74405
95960;74405
95960;74405
95960;74405
83683;205179
83683;205179
83683;73223
83683;73223
83683;72724
83683;72724
64917;73489
96880;73173
96880;73639
96880;173092
95600;73194
95600;73194
95600;73194
95600;191867
89393;74583
97622;73525
97622;73525
97622;73525
81266;74075
81266;74075
81266;74075
81266;74434
109317;72980
85905;99994
85905;115061
85905;268454
81459;74045
81459;72724
81459;268044
58642;74442
58642;196011
45436;74300
81701;72747
81701;189167
94043;172995
94043;266830
94043;266830
94043;266830
94043;266830
94043;266830
94043;266830
94043;266830
94043;266830
94043;266830
94043;268454
94043;268454
94043;268454
94043;269129
94043;269129
94043;277669
36829;241522
36829;241522
80018;196080
80018;196080
80018;196080
55452;73921
55452;73921
55452;73921
55452;73921
55452;73921
55452;73921
55452;73921
55452;73921
55452;73921
55452;73921
55452;241295
55452;72696
55452;72696
55452;72696
55452;73525
55452;73525
55452;73525
55452;73525
55452;73525
55452;73525
55452;73525
55452;73525
49001;72912
49001;72912
49001;72912
49001;73338
49001;73338
49001;74067
49001;74067
49001;232012
49001;232012
49001;232012
49001;269129
49001;269129
49001;269129
49001;269129
49001;269129
49001;269129
94778;72784
94778;72784
94778;172999
94778;73525
58381;74064
58381;73827
93599;193497
93599;193497
62922;73880
62922;74525
62922;101995
62922;73880
62922;73880
62922;73880
62922;172999
62922;172999
62922;173098
62922;74412
51696;72779
51696;73723
78958;72784
78958;74507
78958;194538
78958;194538
78958;194538
78958;269129
48967;72747
79719;72754
79719;72754
79719;259901
77100;72912
77100;173077
55784;73639
55784;73639
55784;74365
55784;73827
55784;135473
55784;135473
39533;213115
39533;213115
72933;73525
72933;73525
71041;72795
71041;74036
71041;164659
55290;144168
55290;154046
55290;172995
55290;173077
55290;232241
55290;232241
55290;144111
55290;144111
72674;159010
72674;159010
72674;73525
72674;73525
72674;73525
72674;73525
72674;266830
72674;266830
72674;266830
72674;266830
106106;268162
112923;194265
58393;72656
58393;115061
65687;73921
65687;73921
65687;73921
76511;268322
63470;74063
63470;172999
63470;173092
63470;173092
63470;176266
63470;176266
63470;232070
63470;233480
37718;73888
37718;73888
37718;219931
37718;219931
96267;72784
96267;172876
43874;211000
43874;147162
65070;73141
65070;266255
65070;269129
113809;194819
113809;232251
71707;73489
71707;73489
71707;73489
69482;73939
69482;74053
69482;74205
69482;74205
69482;74205
69482;74222
69482;128281
69482;144117
69482;144117
69482;144117
69482;144117
69482;73724
69482;180968
69482;180968
69482;232661
69482;267164
69482;173098
69482;173098
69482;268454
69482;268454
104079;173098
106355;72747
82270;74056
62498;175824
62498;175824
62498;144117
62498;154046
71292;31567
71292;31567
71292;31567
71292;72696
40885;74733
40885;74733
40885;116111
40885;116111
51647;211146
51647;231993
51647;231993
51647;231993
51647;231993
51647;231993
51647;231993
51647;265794
80387;73723
80387;74687
80387;73639
80387;191668
80387;204912
80387;204912
80387;206131
80387;268454
87444;72732
87444;73533
87444;73533
87444;73533
87444;73533
87444;73533
87444;281534
87444;281534
77540;73827
77540;74384
77540;74384
77540;74384
77540;172999
77540;172999
77540;173098
77540;144117
77540;144117
77540;194412
77540;194412
77540;194412
77540;206375
77540;206375
77540;206375
77540;206375
77540;206375
77540;206375
77540;73223
77540;204912
77540;204912
77540;266513
77540;266513
77540;279721
77540;279721
85793;72708
85793;72708
85793;72708
85793;72708
85793;72759
85793;72759
85793;72759
85793;72759
85793;72908
85793;73194
85793;73709
85793;73709
85793;73847
85793;73847
85793;144170
85793;140285
85793;140285
85793;144523
85793;172999
85793;144117
85793;144117
85793;144117
85793;194265
85793;194265
85793;194412
85793;194412
85793;194538
85793;194538
85793;194538
85793;194538
85793;194538
85793;194538
85793;194538
85793;194538
85793;194538
85793;194538
85793;194538
85793;195673
85793;195673
85793;195673
85793;195673
85793;195805
85793;195805
85793;232582
85793;266683
85793;266792
85793;266839
85793;268454
85793;268454
94797;73904
79802;72715
79802;72715
79802;72715
79802;73491
50127;141785
50127;141785
50127;141785
81920;74405
81920;173081
97279;72784
97279;73069
97279;195533
97279;195533
97279;195533
84408;128281
72874;191695
72874;191695
72874;191695
72874;191695
85268;72669
85268;74555
85268;74555
85268;73639
85268;101798
85268;173081
85268;190937
82639;72656
82639;173081
82639;173081
82639;173081
82639;215880
82639;215880
82639;215880
82639;266282
82639;266792
82639;261518
82639;261518
82639;261518
69433;72696
69433;72696
69433;72696
115706;190492
115706;190492
42832;104901
42832;128281
77637;172876
77637;172876
77637;172876
91036;73079
91036;73173
91036;74067
91036;154046
91036;232070
91893;73069
91893;73069
91893;73069
91893;73069
91893;73639
91893;73639
91893;122143
91893;250563
64729;173081
64729;73525
64729;266792
83388;73489
83388;73949
83388;72684
83388;72684
83388;72656
83388;72656
83388;173092
83388;173092
83388;73797
83388;205179
83388;231993
83388;232012
83388;232012
89539;72844
89539;72844
89539;72844
89539;168418
89539;168418
89539;168418
89539;168418
89539;72674
89539;144117
54499;73827
78995;124842
78995;124842
78995;124842
78995;144117
78995;144117
78995;241295
78995;241295
48963;73921
48963;73921
48963;73921
48963;73921
48963;73921
48963;73921
48963;73921
48963;73921
48963;73921
65624;74419
65624;74419
60339;154029
60339;154029
90755;73639
90755;73639
90755;134058
90755;144168
90755;173092
90755;173092
90755;178509
90755;265794
94551;73790
94551;73094
61950;144117
61950;144117
61950;277669
37478;72696
73615;72696
74521;74018
74521;74018
74521;195533
74521;195533
85702;72784
85702;261540
85702;265934
101867;73568
101867;73568
101867;73568
101867;206204
90400;74510
90400;73639
90400;144168
90400;266282
90400;266513
99941;73052
32390;194625
32390;241522
48878;74179
68705;265934
60365;72796
46442;72656
46442;206331
86457;72843
86457;72894
86457;73118
86457;73888
86457;74053
86457;144382
86457;74393
91913;72713
91913;72713
91913;72784
91913;72784
91913;195533
91913;268015
91913;268015
78058;224448
78058;224448
78058;224448
78058;224448
79284;72784
79284;101798
79284;172999
79284;229556
79284;72696
79284;268454
84071;72793
84071;73677
84071;72942
84071;73677
84071;73677
84071;73677
84071;74413
84071;204912
84071;232661
84071;233050
84071;233050
84071;268015
84071;268454
97939;72747
97939;144170
58382;113195
61205;72784
61205;72784
76119;73568
76119;73568
76119;73568
76119;73964
76536;73251
76536;73251
76536;73730
76536;73730
76536;168418
71537;73088
71537;73088
74734;74231
74734;144117
88848;73250
88848;73250
97322;73639
97322;173081
97322;144111
75261;72671
75261;72671
75261;72775
75261;73079
75261;73079
75261;73250
75261;73250
75261;73250
75261;73250
75261;73250
75261;73639
75261;73639
75261;73639
75261;73647
75261;73647
75261;74063
75261;74063
75261;74063
75261;74181
75261;104901
75261;104901
75261;104901
75261;104901
75261;72694
75261;72694
75261;72694
75261;72694
75261;144111
75261;144111
75261;144111
75261;144111
75261;173092
75261;173092
75261;173092
75261;173092
75261;73525
75261;73525
75261;73525
75261;232241
75261;232241
75261;72724
75261;72724
75261;72656
75261;72656
75261;268015
75261;268015
75261;268015
75261;268044
75261;268044
75261;268044
75261;268322
75261;74405
75261;74405
75261;74405
75261;74405
75261;74405
66313;182366
58639;73637
58639;73803
58639;144111
58639;172999
90398;72679
90398;116111
90398;169483
58396;172999
93832;195533
93832;279721
81342;74048
81342;74517
81342;194268
81342;233620
81342;233620
81342;233620
81342;233620
81342;250563
102731;193497
60034;73962
60034;73962
60034;74525
64029;73637
93663;72656
93663;72656
58647;74405
58647;173092
66012;173098
66012;176266
66012;194268
66012;180847
66012;196285
61427;72684
61427;73964
61427;104901
61427;104901
61427;176142
61427;144117
61427;144117
61427;268386
61427;268386
80115;144111
80115;206199
80115;73525
69958;73062
46069;196605
46069;196605
46069;196605
46069;196605
101819;73062
101819;195430
84735;72795
84735;73191
84735;73191
84735;73688
84735;144117
84735;144117
84735;190937
84735;194538
84735;266513
84735;266513
84735;266526
29812;73601
29812;73601
29812;73601
29812;73675
116205;73568
116205;73568
116205;73568
61670;73639
61670;73639
61670;74063
61670;74063
61670;74063
61670;74063
61670;74063
61670;74063
61670;74063
61670;74063
61670;74063
61670;74324
61670;74324
61670;74324
61670;74324
61670;144171
61670;144171
61670;144171
61670;144171
61670;144171
61670;172876
61670;172876
61670;172876
61670;172876
61670;206131
61670;250563
61670;250563
102062;72706
102062;72706
102062;72772
102062;73088
102062;73191
102062;73191
102062;73191
102062;73308
102062;73310
102062;73310
102062;73639
102062;73639
102062;73590
102062;73590
102062;144117
102062;144117
102062;144117
102062;144117
102062;144117
102062;172888
102062;173092
102062;173092
102062;266513
102062;173098
102062;144111
102062;144111
102062;144111
102062;144111
100904;72784
51694;172995
70736;73639
70736;144117
70736;144117
70736;144117
70736;144117
70736;266513
88105;72724
88105;72724
88105;72724
88105;72724
85436;72784
85436;73803
85436;73803
85436;191867
85436;281534
58287;73827
58287;73827
58287;73827
94047;196069
79282;144117
79282;144117
79282;172999
79282;172999
79282;172999
79282;172999
79282;144117
79282;202395
79282;232070
79282;106040
103632;74231
90166;72722
90166;73850
90166;135473
90166;135473
90166;135473
90166;135473
90166;155144
90166;158332
90166;158332
90166;158332
90166;135473
90166;135473
90166;232582
90166;232582
102647;72784
102647;173092
100890;74372
100890;254319
94260;144117
94260;144117
94260;144342
94260;144342
94260;72656
94260;72656
94260;144117
94260;144117
97230;72724
92141;73069
92141;73069
92141;196370
92141;266526
92141;266526
92141;266526
92141;266526
61672;72684
61672;72684
61672;72710
61672;72710
61672;74067
61672;73639
61672;105170
61672;105170
61672;105170
61672;144117
61672;74405
61672;73885
61672;172999
61672;172999
61672;172999
61672;172999
61672;144168
61672;72674
61672;144117
61672;194268
61672;204912
61672;269138
61672;269138
102334;73069
102334;73905
102334;73905
102334;144382
97260;189173
70494;216616
39331;73568
46616;73525
45316;72656
45316;104901
45316;104901
45316;104901
45316;104901
45316;104901
45316;173081
45316;215880
26185;72844
26185;73051
26185;74365
26185;196370
26185;266475
26185;194268
72477;72706
72477;72706
72477;72706
72477;72706
72477;72706
72477;72706
72477;73939
72477;73939
72477;73939
72477;73939
72477;73939
72477;73939
51022;73517
51022;73517
51022;73638
51022;73638
51022;73639
51022;73639
51022;73639
69667;208219
69667;208219
69667;219853
69667;219853
99998;73525
62967;72795
53825;196080
68764;73489
68764;194823
68764;211047
101971;73803
55018;72656
55018;104901
53089;191774
93886;32921
93886;32921
93886;32921
93886;32921
93886;194819
93886;194819
71149;73191
71149;73796
71149;74063
71149;194265
71149;250563
71149;72696
71149;265794
104015;72676
104015;73578
42730;74046
42730;74478
42730;74478
42730;74478
42730;176142
42730;176142
42730;176142
99836;144305
99836;144305
99836;144305
85103;73191
85103;191867
85103;233620
85103;233620
108952;74187
108952;74187
108952;74187
100990;73728
100990;73728
61674;72656
61674;73250
61674;74235
61674;101798
61674;101798
61674;101798
61674;144117
107251;250612
107251;250612
107251;250612
107251;268162
107251;268162
90646;72749
90646;73069
90646;73118
90646;73573
90646;73573
90646;73573
90646;73573
90646;74004
90646;74004
90646;74004
90646;73888
90646;74412
90646;74412
90646;74412
90646;74412
90646;74694
90646;74694
90646;74694
85578;144117
42683;72696
42683;72696
42683;73790
42683;73639
42683;73639
42683;73094
42683;173092
42683;173092
42683;211000
42683;213115
70252;233538
70252;233538
107864;74733
86725;74002
86725;74002
86725;74002
86725;266513
99431;172876
99431;172888
39305;72696
39305;101798
113063;73525
113063;73525
113063;73525
75241;73068
75241;73803
75241;73803
75241;73803
75241;72690
75241;72690
75241;72690
75241;143956
75241;144382
75241;176266
75241;176266
75241;176266
75241;194615
75241;250563
75241;73525
75241;73525
75241;269129
76091;73148
76091;73713
76091;73713
76091;101798
76091;101798
76091;232012
76091;233480
76091;268340
76091;277669
76091;277669
91080;144117
91080;144117
91080;144117
91080;268454
91080;268454
91080;268454
78761;194615
78761;194615
102174;73088
102174;265934
86187;72690
86187;73961
86187;203532
86187;206378
86187;232661
86187;268454
86187;268454
86187;279721
107812;266513
68763;72656
60637;72684
60637;72684
60637;72684
60637;72684
60637;72684
60637;72684
74731;172888
92772;224448
69020;73034
69020;111582
69020;245220
69020;245220
69020;277669
51641;72656
51641;101798
73750;73383
73750;73677
73750;172995
95715;72784
95715;72784
95715;72784
95715;73489
95715;173092
95715;233620
95715;268255
95715;268255
95715;268255
86517;105170
86517;105170
86517;105170
86517;105170
86517;105170
86517;105170
86517;105170
86517;105170
86517;105170
86517;143399
86517;143399
86517;143399
86517;143399
86517;143399
86517;143399
86517;143399
86517;143399
86517;143399
86517;143399
86517;143399
86517;143399
86517;143399
58650;72795
58650;72795
58650;72795
58650;156062
58650;147966
58650;231993
97754;72776
97754;72776
97754;72812
97754;144111
97754;144111
97754;74405
97754;74405
97754;74405
97754;74405
97754;74405
97754;74410
97754;72942
97754;172888
97754;155538
97754;194265
97754;73726
97754;195533
97754;195533
97754;195533
97754;195533
97754;195533
97754;206677
97754;248268
97754;248268
97754;250612
97754;266475
97754;266792
97754;266830
97754;266830
97754;266830
97754;272907
97754;272907
97754;272907
97754;272907
97754;272907
97754;272907
97754;279721
97754;277669
97754;72684
97754;72684
97754;72684
97754;72684
65935;72885
65935;73724
103059;168418
103059;73525
103059;73525
103059;73525
103059;279721
103059;279721
70213;144117
39814;72713
39814;72713
39814;72713
39814;144382
39814;192581
39814;213115
91141;73194
91141;74570
91141;141785
76712;73194
76712;173092
76712;195533
76712;195533
76712;195533
76712;211000
76712;211000
76712;265794
76712;266255
76712;266255
76712;266255
110872;73242
76976;265794
76976;265794
76976;265794
76976;265794
88565;72749
51520;74063
51520;111445
51520;140285
51520;175828
51520;175828
51520;175828
51520;175828
51520;175828
51520;175828
51520;175828
51520;184315
51520;184315
51520;267944
51520;267944
51520;267944
51520;267944
73440;173098
73440;191867
73440;191867
87279;72747
87279;72747
87279;73085
87279;73847
87279;74396
87279;74405
87279;74405
87279;72804
87279;72804
87279;73677
87279;172999
87279;144117
87279;141785
87279;211146
87279;254681
87279;265794
87279;268386
87279;268454
87279;279721
87279;279721
94570;277669
94570;277669
94570;277669
105271;173098
105271;173098
105271;233480
105271;233480
44447;73079
44447;72690
44447;173092
44447;173092
44447;173092
44447;173092
44447;173092
44447;173092
44447;203532
44447;203532
44447;203532
44447;203532
44447;203532
106659;73242
106659;173098
90399;72708
90399;73568
90399;74261
90399;233480
90399;266513
90399;266513
85253;74018
85253;147966
85253;169296
85253;266255
88694;74405
88694;74405
88694;144111
98590;159010
98590;159010
98590;73094
98590;73094
98590;173077
98590;144117
50291;72726
50291;267164
41454;74065
41454;74065
102714;73582
102714;73582
102714;241295
18809;73957
18809;73957
18809;73957
18809;73957
18809;73957
18809;73957
58389;73955
58389;73955
58389;144117
58389;172995
58389;172995
58389;172995
58389;172995
58389;172995
58389;172995
58389;172995
58389;172995
58389;172995
58389;172995
58389;172995
58389;172995
58389;172995
58389;172995
58389;172995
58389;172995
58389;144117
58389;144117
58389;144117
58389;144117
58389;144117
58389;144117
86845;73699
86845;73699
86845;73699
86845;266792
86845;267164
70110;74737
82754;74302
82754;144117
82754;172999
82754;172999
82754;172999
82754;175824
69362;73115
56510;72816
42941;213115
42941;232900
94197;72676
94197;117481
94197;182791
94197;182791
94197;232653
42984;74009
42984;74063
42984;74063
42984;74662
42984;173077
42984;173077
42984;225117
42984;268340
42984;268454
99871;73173
99871;73639
80977;72711
51649;74067
51649;74067
51649;74193
51649;74193
51649;74193
51649;184315
78891;72667
78891;72795
78891;73639
78891;73639
78891;72690
78891;72690
78891;144171
78891;144171
78891;144171
78891;144171
78891;175824
78891;175824
78891;175824
78891;233050
78891;250563
78891;250563
78891;277669
78891;277669
78891;277669
113125;73525
113128;72793
105061;172999
85819;72784
85819;72795
85819;72795
85819;144117
85819;144117
85819;144117
85819;144117
85819;144117
66860;73164
66860;74205
66860;74733
80939;74194
80939;72690
80939;72690
80939;101859
80939;172995
80939;155538
80939;155538
80939;155538
80939;155538
80939;190806
80939;190806
80939;190806
80939;190806
80939;265794
70606;175289
86563;72784
86563;72784
86563;72784
86563;72784
86563;73194
86563;73194
86563;73194
86563;73194
86563;74036
86563;102441
86563;144117
86563;144117
86563;144117
86563;144117
86563;144117
86563;210125
86563;232661
86563;72696
86563;268255
86563;268255
86563;268255
86563;268340
86563;144111
53317;72711
78094;74491
57097;74192
77281;73194
77281;73194
77281;73194
80300;73525
80300;73525
80300;73525
80300;72724
80790;265794
94846;277669
94846;277669
85311;72708
85311;72708
102395;272907
94599;154046
94599;154046
60481;72726
60481;73684
60481;73684
60481;73684
60481;263829
41808;74750
116429;267944
55316;73827
55316;241295
86906;72784
86906;72784
86906;73491
86906;73491
86906;73637
86906;73637
86906;73637
86906;73638
86906;73638
86906;73638
86906;73638
86906;73803
86906;144305
86906;144305
86906;194615
86906;194615
86906;206131
86906;206131
86906;206131
42947;74063
42947;74063
42947;74063
42947;268454
42947;268454
108041;262298
82902;172888
91868;72736
91868;72736
104564;173098
104564;173098
104564;195673
104564;195673
104564;195673
104564;268454
104564;268454
104564;268454
109734;277669
109734;277669
109734;277669
109734;277669
66130;135473
66130;135473
66130;135473
66130;144342
66130;144342
66130;144342
60404;73052
60404;73052
60404;74491
60404;101437
60404;72778
60404;72778
60404;169483
60404;172999
60404;233050
60404;266830
60404;268015
60404;268015
60404;268015
60404;268015
79844;72747
79844;73502
79844;73655
79844;144168
79844;144382
79844;172999
79844;73726
79844;232241
79844;233050
79844;261540
79844;261540
79844;279721
79844;279721
79844;279721
79844;279721
79844;279721
102730;266028
102730;266028
86397;73803
103633;72667
98086;73191
98086;73191
98086;73191
98086;194538
98086;279721
79231;73534
79231;73534
79231;73534
79231;172999
79231;172999
79231;172999
79231;172999
79231;173092
79231;261471
79231;261471
79231;265794
79231;265794
79231;281534
79231;281534
79231;281534
79231;281534
97149;141785
97149;141785
39619;74211
108374;72747
108374;73088
108374;74205
58376;72656
58376;72656
58376;207140
58376;207140
58376;232241
58376;232241
38068;125724
38068;73640
38068;144111
99413;73191
99413;73191
99413;73191
99413;73194
99413;193497
99413;193497
99413;193497
99413;193497
99413;232661
99413;263829
99413;263829
99413;268454
99413;268454
99413;268454
99413;74405
99413;74405
83481;72708
83481;144117
83481;293622
85580;173098
51035;172321
51035;181636
71194;72708
71194;73179
71194;73310
71194;74097
71194;74393
71194;125114
71194;125114
71194;128276
73776;74026
73776;173092
73776;173092
63249;73383
63249;73383
63249;73383
63249;73383
63249;74396
63249;99614
63249;164837
63249;74040
63249;265794
63249;265794
63249;265794
63249;268454
63249;272907
63249;272907
63249;272907
63249;277669
63249;277669
63249;277669
63249;277669
68061;73638
68061;172999
68061;172999
68061;195533
92293;72736
92293;73118
92293;73118
92293;73724
92293;250563
92293;250563
92293;250563
92293;266028
92293;268454
92293;268454
92293;268454
92293;268454
79123;266513
79123;266513
79123;266513
79123;266513
79123;266513
79123;266513
79123;266513
81038;266513
81038;266513
66904;73525
48740;73827
48740;74009
48740;74009
48740;173092
48740;173092
48740;248268
48740;268044
48740;268044
48740;268044
51519;173092
85756;195533
85756;195533
85756;195533
85756;195533
85756;195533
85756;248268
85756;248268
85756;248268
85756;248268
85756;248268
85756;248268
85756;248268
85756;248268
85756;248268
85756;248268
85756;248268
85756;248268
85756;248268
85756;268454
85756;268454
85756;268454
85756;268454
85756;268454
85756;268454
85756;268454
85756;268454
85756;268454
85756;268454
85756;268454
85756;268454
85756;268454
85756;268454
85756;268454
85756;268454
85756;268454
85756;72793
85756;72793
85756;72793
85756;72793
85756;72793
85756;72793
85756;72793
85756;72793
85756;72793
85756;72793
85756;72793
85756;72793
85756;72793
85756;72793
85756;72793
85756;72793
85756;72793
54879;194268
54879;233480
95345;72655
95345;73638
95345;72684
95345;263829
95345;263829
117020;266033
117020;266033
75865;72784
75865;73191
75865;73191
75865;73191
75865;73337
75865;73337
75865;73337
75865;73337
75865;144308
75865;73223
75865;73223
75865;73223
83711;72706
83711;72706
83711;72706
83711;72706
83711;72784
83711;73034
83711;73088
83711;73088
83711;73088
83711;73281
83711;73939
83711;173081
83711;173081
83711;277669
70388;74302
70388;74302
70388;74302
70388;74302
93829;72784
93829;72784
93829;72784
93829;72885
93829;74063
93829;74063
93829;74063
93829;266792
93829;266792
93829;266792
93829;277651
103887;73827
103887;250563
26018;72684
26018;72689
26018;72689
26018;72694
26018;72849
26018;72849
26018;73023
26018;73610
26018;72690
26018;175920
83012;74515
83012;74515
83012;74515
83012;74515
83012;191695
83012;191695
83012;191695
83012;191695
112575;73525
39661;173092
39661;173092
39661;173092
39661;173092
113611;74075
113611;74075
113611;74075
113611;116111
113611;116111
113611;116111
113611;144382
113611;233480
113611;233480
113611;233480
113611;233480
58395;104901
58395;104901
58395;144117
56747;171437
99072;144170
68519;72656
68519;74372
68519;268015
68519;268015
97236;245161
97236;245161
118046;204912
91941;268454
91941;268454
91941;268454
65853;72772
65853;195533
85271;72747
85271;73141
85271;73223
85271;73223
85271;73223
85271;73223
85271;73223
85271;73566
85271;73566
85271;73566
85271;73566
85271;144117
85271;144117
85271;144117
85271;144117
85271;144117
85271;172999
85271;172999
85271;172999
85271;172999
85271;176266
85271;176266
85271;176266
85271;176266
100998;194412
100998;233480
62343;72747
62343;73194
62343;250563
62127;73320
62127;73320
62127;73487
62127;73487
62127;73487
62127;73487
100095;206375
72916;73724
72916;74393
72916;163791
72916;213115
72916;250563
72916;279721
108697;282116
84633;72747
84633;72747
84633;73383
84633;73674
84633;73713
84633;73759
84633;74191
84633;74508
84633;144117
84633;144117
84633;73724
84633;172999
84633;277669
58951;72747
58951;72747
58951;72747
55453;168413
91112;73052
91112;73052
91112;73052
91112;73052
113166;250563
113166;250563
113166;266033
79842;72681
79842;72681
79842;73141
79842;144382
79842;206131
79842;266255
79842;266255
79842;266255
79842;266255
79842;268340
76758;182366
76758;245220
65528;73191
65528;73191
65528;73191
65528;74733
65528;115061
65528;115061
65528;144168
65528;163679
65528;73827
65528;194265
65528;194265
65528;180847
65528;196089
65528;206375
65528;206375
65528;206375
65528;135473
65528;135473
65528;232251
65528;232251
65528;266792
65528;266792
114415;73525
114415;73525
48966;74591
48966;74591
98116;72724
80467;172999
80467;266255
81035;163915
106324;266792
91668;73187
91668;73827
55224;206378
58465;72857
58465;73110
58465;73751
58465;73939
58465;143956
58465;143959
58465;143959
58465;74405
58465;74405
58465;261540
94976;194265
94976;154046
117578;194412
91123;254319
61732;73194
61732;74733
61732;73639
93825;72784
93825;72784
93825;73085
93825;73085
93825;73085
93825;73638
93825;74176
93825;265794
93825;268454
93847;72656
93847;72656
93847;74063
93847;104901
93847;144111
93847;144111
93847;173081
93847;173081
93847;167839
93847;167839
93847;167839
93847;167839
93847;266792
93847;266792
93847;167839
27559;72696
67035;73456
67035;73458
67035;73463
67035;73471
56659;206331
104455;73242
104455;73242
104455;73242
104455;73637
104455;73637
104455;73637
104455;73637
104455;74224
104455;74224
104455;74224
104455;262216
60243;73525
60243;73792
60243;73792
60243;73792
60243;73792
60243;113195
60243;113195
60243;113195
60243;113195
60243;196098
60243;73525
47124;173092
61630;73861
61630;74063
61630;74067
61630;73827
61630;144168
61630;73726
61630;266282
61630;266282
78059;268454
117029;74187
42949;99614
84802;250563
99886;144111
99886;282116
99886;282116
85106;73088
85106;73191
85106;74205
85106;268340
48792;72796
48792;72796
55880;266282
106120;73726
94898;74375
94898;270459
61679;72690
103652;72759
103652;72759
103652;172888
103652;72696
103652;73525
103652;73525
69250;73118
69250;73118
69250;73118
69250;73790
69250;73790
69250;73790
69250;175824
69250;206479
69250;72696
69250;268044
94676;72747
94676;72784
94676;73081
94676;73888
94676;73888
94676;114336
94676;114336
94676;172999
94676;173098
59975;72676
59975;72676
59975;144168
59975;144168
59975;144168
59975;130014
59975;157705
59975;157705
59975;250563
59975;263829
99740;72784
99740;73094
99740;144117
99740;277669
99740;74405
105710;268454
105710;268454
90270;73489
90270;265794
99430;72681
99430;205179
58082;73955
58082;73955
58082;73955
58082;74130
58082;74188
58082;172876
58082;172876
58082;172876
58082;144117
58082;194265
58082;206375
58082;206375
58082;206375
58082;239349
58082;250563
58082;250563
58082;250563
58082;266792
58082;266830
58082;266830
58082;268454
58082;268454
58082;268454
48651;73187
48651;73187
48651;73187
48651;73187
48651;73187
48651;73187
48651;73194
48651;73194
48651;74750
48651;74750
48651;74715
48651;74715
48651;74715
48651;74715
48651;74715
48651;191867
48651;191867
48651;191867
48651;191867
48651;191867
48651;191867
48651;191867
48651;191867
48651;232241
48651;73525
48651;73525
48651;73525
48651;73525
48651;73525
98439;73381
98439;73946
98439;194412
98439;194412
98439;204594
98439;204594
98439;204594
98439;233620
98439;268255
98439;272907
98439;272907
98439;272907
48931;72747
48931;72748
48931;72784
48931;32921
48931;32921
48931;32921
48931;73639
48931;73684
48931;173081
48931;173081
48931;173081
48931;173081
48931;173081
48931;173081
48931;176142
48931;176142
48931;72702
48931;72702
48931;194819
48931;194819
48931;194819
48931;194819
48931;262138
48931;262138
48931;277651
51660;265854
51660;265854
74479;144168
74479;144168
74479;266028
71946;73568
71946;73568
71946;105170
71946;105170
71946;116111
71946;116111
71946;141785
71946;266526
71946;268340
71946;269129
71946;269129
94752;73250
94752;173081
94752;232582
43397;73487
43397;73599
43397;164839
43397;73827
95718;74384
77310;250563
68762;231993
68762;231993
68762;266253
67076;73888
67076;268454
88837;176266
62791;74003
62791;74003
62791;74003
62791;74003
62791;146474
62791;146474
62791;146474
62791;146474
64394;267859
64394;267859
64394;267859
40323;73525
40323;73525
40323;73525
40323;74459
40323;74459
54878;74088
54878;144117
102335;72788
102335;72788
102335;72788
102335;72812
102335;72812
102335;72812
102335;73118
102335;73118
102335;73118
102335;173092
102335;173092
102335;277669
90319;190321
90319;190321
90319;190321
90319;190321
26477;73883
26477;176465
108699;73241
49208;125724
49208;250563
100114;72684
117517;265794
117517;265794
87510;72696
31391;232241
80471;211000
80471;211000
80471;211000
80471;211000
51113;73964
69845;73352
77891;74413
77891;74413
77891;74413
77891;74413
77891;180968
77891;180968
77891;180968
77891;180968
87577;73118
87577;73939
61273;194823
71786;144111
71786;144111
71786;144382
71786;172999
71786;184973
71786;233050
71786;233050
71786;233050
71786;294871
39660;72656
39660;73659
39660;73659
39660;73659
39660;73525
39660;73525
39660;73525
39660;268386
39660;268386
85619;73051
85619;73051
85619;73051
85449;74491
98175;73194
98175;73194
98175;73194
98175;74192
98175;74192
98175;73639
98175;73639
98175;73639
98175;73439
98175;73439
98175;73439
98175;73439
98175;116624
98175;194823
98175;194823
98175;205179
98175;241522
98175;268454
98175;268454
98175;268454
98175;73803
98175;73803
98175;73803
36683;175482
81341;73118
81341;73118
81341;73118
81341;73118
81341;73524
81341;73524
81341;74768
81341;163791
81341;172999
81341;144168
81341;144168
81341;144168
81341;213115
81341;213115
81341;265794
81341;266683
81341;266683
81921;144165
81921;144165
24401;72656
24401;74063
24401;172999
95190;72947
95190;72947
95190;74047
95190;74047
51697;73052
51697;73052
51697;73052
51697;73052
51697;73639
51697;73639
51697;73639
51697;73639
51697;73639
51697;73639
51697;73639
51697;73723
51697;73723
51697;73723
51697;73723
51697;73799
51697;73799
51697;73799
51697;73799
51697;74063
51697;74063
51697;74063
51697;74063
51697;74063
51697;74609
51697;74609
51697;74609
51697;74609
51697;74609
51697;74750
51697;74750
51697;74715
51697;74715
51697;73827
51697;73827
51697;73827
51697;73827
51697;172999
51697;172999
51697;173092
51697;173092
51697;173092
51697;173092
51697;173092
51697;173092
51697;73827
51697;73827
51697;73827
51697;73827
51697;73827
51697;190937
51697;190937
51697;190937
51697;205437
51697;205437
51697;205437
51697;205437
51697;233620
51697;233620
51697;266683
51697;266683
51697;266683
51697;266683
51697;266683
51697;267164
51697;267164
51697;267164
51697;267164
51697;267164
51697;268255
51697;268255
76314;73659
76314;73659
99518;173084
99518;190937
99518;265934
84636;72784
84636;73191
84636;74365
84636;172995
84636;191867
113916;72759
113916;266513
48933;266683
48933;266683
72466;72656
72466;72656
72466;232241
50804;74538
12582;74235
12582;168418
80844;266792
80844;266792
80844;266792
83717;193497
83717;193497
83717;193497
108852;193235
94382;268340
58830;268454
113813;266513
113813;266513
113813;279721
104228;73534
104228;73534
104228;73534
104228;73557
104228;73557
105361;73191
105361;263829
91822;73118
91822;73118
91822;73118
91822;207258
91015;73899
91015;172999
91015;73062
91015;265794
94199;265794
80753;74186
80753;74186
80753;74186
80753;74186
80753;74186
80753;74186
80753;74186
80753;73094
80753;73094
80753;73094
80753;73094
80753;73094
80753;73094
80753;73094
80753;73094
80753;206131
58641;73888
69442;72710
69442;170858
69442;170858
69442;170858
69442;170858
69442;172999
69442;205437
69442;205437
69442;205437
69442;205437
69442;205437
69442;205443
69442;205443
69442;205443
69442;205443
69442;205443
69442;266513
69442;266513
69442;266513
69442;266513
69442;267164
69442;267164
69442;268484
69442;268484
69442;268484
69442;277669
69442;277669
69442;250563
69442;250563
69442;250563
69442;73803
69442;73803
69442;73803
69442;73803
93838;73759
93838;144168
93838;144168
93838;144168
93838;265794
93838;250563
22961;73586
89277;169808
89277;169808
89277;267795
89277;267795
51835;72684
51835;72684
51835;175824
77797;72779
77797;206204
77797;206204
77797;206204
51645;144168
51645;144168
85241;194265
85241;194265
85241;194265
85241;194265
54501;73639
54501;73639
54501;73639
54501;73639
17454;266086
70379;72912
70379;72912
98357;196080
76610;73034
66105;73964
117425;73868
117425;73868
117425;73868
117425;73868
102054;73639
37256;74105
37256;169382
77255;74405
77255;74405
77255;74405
77255;74405
77255;160888
77255;160888
77255;72656
77255;72656
89332;73118
89332;262216
87713;74132
87713;172876
87713;172999
87713;241522
65499;73967
65499;172605
102033;72696
85667;72843
85667;73118
85667;73118
85667;73803
85667;73803
85667;73803
85667;73803
85667;74335
85667;168413
85667;144117
85667;265794
85667;266513
85667;285085
71155;176142
71155;268386
71155;268386
71155;268386
71155;277651
71155;277651
65554;72684
65554;144117
65554;144117
65554;233620
61497;147162
61497;144117
78702;265794
78702;272907
94678;72784
94678;74405
94678;74405
94678;144117
93816;72679
93816;72684
89900;74510
89900;72724
89900;72724
89900;72724
89900;72724
48965;73023
48965;74181
81577;72681
81577;73888
81577;144382
81577;72724
81577;72724
81577;72724
81577;266255
71147;72877
71147;73191
71147;73191
71147;73955
71147;73724
71147;250563
58649;72684
58649;72684
58649;72684
58649;72684
98646;72747
72454;196107
72454;196107
72454;196107
72454;196107
88558;72684
56647;73639
56647;73639
56647;73525
56647;266513
79932;72747
79932;73191
79932;74205
79932;74205
79932;144117
79932;144117
79932;250563
79932;250563
79932;250563
65732;72656
65732;72656
65732;105170
65732;105170
65732;124842
65732;124842
65732;72656
65732;250563
100839;73052
100839;73241
100839;74063
100839;74063
100839;172999
100839;193497
100839;193497
100839;194412
100839;141785
100839;233480
100839;233480
100839;233480
100839;241295
113133;173077
61677;72696
61677;72696
61677;73525
61677;72724
99644;193497
99644;196370
99644;233480
99644;241295
99644;263829
99644;268454
85644;74733
58933;73310
58933;175551
95294;72784
95294;172999
86965;73046
86965;73308
86965;73308
86965;73488
86965;144168
86965;144168
86965;250563
86965;154046
65266;167525
65266;167525
65266;167525
44448;72775
44448;73955
44448;73955
44448;73955
44448;101859
44448;73961
44448;73961
44448;172888
44448;175920
44448;175920
44448;263829
44448;263829
44448;268044
68512;72638
68512;73713
68512;74711
68512;101798
105613;269129
105613;72684
54543;169821
54543;169821
95159;172995
95159;172995
95159;144117
95159;144117
95159;241295
95159;265794
95159;265794
95159;265794
95159;265794
95159;144111
95159;144111
95159;272907
91957;32921
91957;32921
91957;32921
91957;73505
91957;73505
91957;73505
91957;74405
91957;74405
91957;74405
91957;169744
91957;169744
91957;169744
91957;169744
91957;232661
91957;232661
91957;232661
91957;232661
91957;249602
91957;249602
91957;249602
91957;266830
74109;72772
74109;73052
74109;73713
97699;73118
97699;74205
97699;74205
97699;74205
97699;74205
42754;101798
42754;73640
42754;146474
42754;146474
42754;146474
77073;73034
77073;144117
98090;73726
98090;167839
98090;167839
74814;72857
74814;72857
74814;73582
74814;74130
74814;104901
74814;168418
74814;172999
74814;268454
44038;73191
44038;73638
44038;73638
44038;73638
44038;144117
44038;141785
44038;141785
44038;141785
44038;141785
44038;141785
72886;163915
72886;163915
72886;163915
72886;163915
39532;74525
68023;72710
68023;74206
68023;74693
68023;74693
68023;144117
68023;173081
68023;173098
68023;205179
68023;205179
68023;241522
68023;248802
62388;72784
62388;172995
62388;72656
62388;72656
62388;268015
90396;72656
90396;72656
90396;72656
90396;72656
90396;72656
90396;72656
90396;72656
90396;73639
90396;74026
90396;116111
90396;144168
90396;190937
90396;266033
90396;266033
90396;266033
55245;154046
89325;73118
89325;73759
89325;74694
89325;74694
89325;73639
89325;173092
89325;173092
89325;175824
58392;72706
58392;72706
58392;73259
58392;73713
58392;73723
58392;73723
58392;144111
117796;73482
76879;73489
83818;206472
81648;72657
81648;72977
81648;73118
81648;73118
81648;73726
81648;196370
81648;196370
81648;266526
81648;268386
81648;269129
70072;74176
70072;74176
70072;74176
70072;133820
70072;133820
70072;133820
111032;72784
111032;233050
111032;268454
82749;73088
82749;73088
82749;73088
82749;74205
82749;74205
82749;74205
82749;74205
82749;74205
82749;74205
82749;192581
82749;192581
82749;192581
82749;192581
82749;194538
82749;194538
82749;194538
82749;194538
82749;194538
82749;233050
82749;173098
109549;176142
109549;277651
109549;277651
59710;72656
59710;73672
61631;72796
61631;72796
61631;72796
61631;72796
61631;72796
61631;72796
61631;72796
61631;74205
61631;74205
61631;74205
61631;74205
61631;173092
61631;173092
61631;173092
61631;207140
61631;232070
61631;232070
61631;265934
61631;265934
61631;144111
61631;144111
61631;144111
61631;144111
61631;144111
61631;144111
57271;147162
57271;147162
57271;202395
57271;202395
57271;202395
55215;74683
55215;74683
31095;265854
94943;73724
69443;73034
69443;73489
69443;73492
69443;147966
69443;144117
66283;72656
66283;72684
66283;72684
66283;72684
66283;72684
66283;176266
66283;213115
26316;74075
26316;74075
26316;74176
26316;74176
96690;72671
96690;72671
96690;72671
96690;73885
96690;263829
96690;263829
96690;268386
91026;72784
91026;72912
91026;164839
78347;74063
78347;172999
78347;266792
85104;268454
98415;154046
97716;73194
97716;73194
97716;73194
97716;74393
97716;72694
97716;72694
97716;72694
97716;191867
79300;72684
79300;73118
79300;73118
79300;73118
79300;73829
79300;72656
79300;144117
79300;144117
79300;73525
61323;73251
61323;116111
62023;74768
62023;74768
62023;74768
62023;234395
62023;234395
62023;234395
51695;116111
51695;194273
51695;194273
51695;194273
95566;73525
95566;73525
95566;73939
102498;73637
42945;74372
93910;73191
93910;191867
88034;72747
88034;73088
88034;73088
88034;73088
88034;73088
88034;73088
88034;73088
88034;72694
88034;72694
88034;268454
74451;73672
74451;73672
